rsNumber,chrom,position
rs3769821,chr2,202123430
rs3769823,chr2,202122995
rs2349070,chr2,202130308
rs1861270,chr2,202126615
rs6435074,chr2,202127947
rs6723097,chr2,202128618
rs3769820,chr2,202130133
rs6751053,chr2,202127863
rs10931934,chr2,202119789
rs10635401,chr2,202123717
rs6754084,chr2,202124997
rs12990906,chr2,202114624
rs6735656,chr2,202124502
rs13030042,chr2,202138385
rs6714430,chr2,202153684
rs700635,chr2,202153225
rs3769818,chr2,202151163
rs6743068,chr2,202153920
rs10931936,chr2,202143928
rs9288316,chr2,202163483
rs1035142,chr2,202153078
rs13016963,chr2,202162811
rs10197246,chr2,202204741
rs10804111,chr2,202145612
rs700636,chr2,202153252
rs4035021,chr2,201739327
rs3769825,chr2,202111380
rs12465952,chr2,201724360
rs78053840,chr2,202367568
rs73057063,chr2,201623876
rs2540334,chr2,202271347
rs80273648,chr2,202311155
chr2_202255579,chr2,202255579
rs77688320,chr2,202367589
rs80252786,chr2,201923482
rs2714486,chr2,202249708
rs73991105,chr2,201627082
rs77497620,chr2,201623056
rs2348129,chr2,201644232
rs16834415,chr2,201631393
rs10931920,chr2,201627366
rs5837753,chr2,201624387
rs10432515,chr2,201607818
chr2_202035137,chr2,202035137
chr2_202060265,chr2,202060265
chr2_202095893,chr2,202095893
chr2_202097531,chr2,202097531
chr2_202031807,chr2,202031807
rs1045485,chr2,202149589
rs17468277,chr2,202154200
rs17649845,chr2,202152797
rs78285464,chr2,202171402
rs3731711,chr2,202213061
rs35550815,chr2,202150914
chr2_202145286,chr2,202145286
chr2_202171509,chr2,202171509
chr2_202174969,chr2,202174969
chr2_202221238,chr2,202221238
chr2_202199992,chr2,202199992
rs6705641,chr2,202368441
chr2_201793024,chr2,201793024
chr2_201996677,chr2,201996677
chr2_201985361,chr2,201985361
chr2_201829939,chr2,201829939
chr2_201787159,chr2,201787159
chr2_202211875,chr2,202211875
chr2_201848389,chr2,201848389
chr2_201950456,chr2,201950456
rs113356776,chr2,201885727
rs10185177,chr2,202205197
chr2_201746389,chr2,201746389
rs7559992,chr2,202531547
rs59278883,chr2,202379828
rs74778342,chr2,202279960
chr2_202111620,chr2,202111620
rs1208077,chr2,202526589
rs10931912,chr2,201577027
rs7605938,chr2,202523866
rs77688590,chr2,202448975
rs11674246,chr2,202048123
rs3769827,chr2,202102685
rs12693930,chr2,202044232
rs3769826,chr2,202103049
rs6760993,chr2,202110917
rs13006529,chr2,202082459
rs2037815,chr2,202101715
rs12693931,chr2,202093325
rs7576306,chr2,202074528
rs3900115,chr2,202050677
rs10200857,chr2,202032427
rs1594,chr2,202025621
rs12693932,chr2,202093395
rs2041765,chr2,202023160
rs13034255,chr2,202035064
rs13013222,chr2,202032184
rs13028339,chr2,202092509
rs2268791,chr2,202022527
rs6760970,chr2,202110867
rs6435069,chr2,202078494
rs6745051,chr2,202108741
rs11899871,chr2,202032171
rs13005094,chr2,202092561
rs6731120,chr2,202093061
rs6747918,chr2,202097575
rs7582581,chr2,202023575
rs6435081,chr2,202220623
rs9288318,chr2,202196063
rs6737085,chr2,202221441
rs13014235,chr2,202215492
rs12052257,chr2,202241594
rs2349074,chr2,202222507
rs1035140,chr2,202152491
rs3731714,chr2,202060820
rs1406121,chr2,202195030
rs13015798,chr2,201909515
rs13027605,chr2,202143257
rs11681399,chr2,202145606
rs28636431,chr2,201999550
rs11679181,chr2,202162338
rs13009885,chr2,202161636
rs11674814,chr2,202153846
rs13015294,chr2,202174990
rs10931931,chr2,201994540
rs12105811,chr2,202016245
rs13426823,chr2,202015677
rs73045341,chr2,202016550
rs56863085,chr2,202017647
rs719125,chr2,202017860
rs10190751,chr2,202006096
rs61289882,chr2,202015250
rs7573529,chr2,202010626
rs4482462,chr2,202021747
rs55953858,chr2,201997292
rs4487072,chr2,202008298
rs12104442,chr2,202013956
rs2041766,chr2,202021495
rs1981726,chr2,202008700
rs16836710,chr2,201999845
rs6728771,chr2,201992407
rs73045343,chr2,202017408
rs73045306,chr2,202000395
rs7560613,chr2,202003010
rs7573256,chr2,202003170
rs56161269,chr2,202019210
rs68044560,chr2,202017080
rs59743803,chr2,202017674
rs12721505,chr2,202014238
rs6706980,chr2,201993688
rs28405687,chr2,201906661
rs6747253,chr2,201748415
rs4035022,chr2,201744352
rs13408186,chr2,201896367
rs7562391,chr2,201736166
rs11892119,chr2,201736112
rs10469755,chr2,201917938
rs13418478,chr2,202143764
rs6743951,chr2,202358395
rs1009276,chr2,202322956
rs16836038,chr2,201803139
rs13393110,chr2,202144055
rs34088540,chr2,202132405
rs41352644,chr2,202064736
rs6715380,chr2,202214505
rs6711127,chr2,202213515
rs6715284,chr2,202154397
rs12620435,chr2,201995779
rs16834216,chr2,201591835
chr2_202213147,chr2,202213147
chr2_202000429,chr2,202000429
rs186582669,chr2,201842849
rs192645640,chr2,201842850
rs34594680,chr2,202245423
rs55724588,chr2,202307620
rs56360544,chr2,202280634
rs73991610,chr2,202353439
rs61695176,chr2,202333315
rs13423990,chr2,202346290
rs6724484,chr2,202269365
rs73988772,chr2,202271890
rs58494612,chr2,202371911
rs73991611,chr2,202358589
rs73988793,chr2,202338293
rs8105,chr2,202242135
rs72934999,chr2,202223524
rs2272390,chr2,202195311
rs72937106,chr2,202225520
rs2348128,chr2,201634161
rs13398075,chr2,202376269
rs16837131,chr2,202173812
rs16834221,chr2,201593014
rs3851973,chr2,201732878
chr2_201897868,chr2,201897868
rs73991640,chr2,202423172
rs114970801,chr2,202016220
rs7558475,chr2,202036478
rs112193712,chr2,202397695
rs7573128,chr2,202462471
rs13010627,chr2,202074098
rs73991655,chr2,202433529
rs73991646,chr2,202424465
rs7575806,chr2,201632512
rs115353050,chr2,202095130
chr2_202436753,chr2,202436753
chr2_202426765,chr2,202426765
rs13015648,chr2,201990540
rs67358415,chr2,201781361
rs7572640,chr2,202462260
rs6722095,chr2,202461993
rs2110751,chr2,202451763
rs2160241,chr2,202451984
rs59943602,chr2,202435240
rs56087437,chr2,202422795
rs73991647,chr2,202426017
rs73991644,chr2,202423875
rs73991643,chr2,202423761
rs58588240,chr2,202436645
rs61467546,chr2,202435973
rs11690916,chr2,202451042
rs57855620,chr2,202445638
rs6717055,chr2,202450561
rs57966103,chr2,202412636
rs55872838,chr2,202436684
rs73991637,chr2,202422216
rs73991636,chr2,202422143
rs73991638,chr2,202422268
rs73991653,chr2,202430883
rs56915894,chr2,202435873
rs59333830,chr2,202435268
rs56300712,chr2,202422496
rs59730541,chr2,202428724
rs76951152,chr2,202417823
rs59371743,chr2,202435628
rs73989504,chr2,202437935
rs73989505,chr2,202438093
rs73989509,chr2,202447650
rs60070150,chr2,202428872
rs73991652,chr2,202430584
chr2_202430679,chr2,202430679
rs73991633,chr2,202420552
rs56899012,chr2,202431841
rs56394080,chr2,202414197
rs1113729,chr2,202425338
rs73991632,chr2,202419622
rs73991631,chr2,202419507
rs73991630,chr2,202419367
rs73991635,chr2,202420804
rs75968646,chr2,202426653
rs55795868,chr2,202429612
rs60206451,chr2,202421914
rs59976820,chr2,202422749
rs73991629,chr2,202418184
rs56974892,chr2,202412738
rs60078720,chr2,202432387
rs58332724,chr2,202431705
rs57760585,chr2,202432507
rs73991634,chr2,202420764
rs55835090,chr2,202422709
rs55688187,chr2,202436782
rs56895693,chr2,202378691
rs78374785,chr2,202282919
rs2019097,chr2,202193463
rs77356501,chr2,201650853
rs6716325,chr2,202200263
rs79375216,chr2,202449049
rs79960395,chr2,202375203
rs12988180,chr2,201722156
rs55754648,chr2,202504757
rs75482642,chr2,201675761
rs6725741,chr2,201626901
rs2348125,chr2,201616390
rs41339752,chr2,202051781
rs17860405,chr2,202074207
rs17860416,chr2,202098131
rs147852069,chr2,202521148
rs56088875,chr2,201799073
rs56225831,chr2,202517255
rs112542772,chr2,202523908
rs62189273,chr2,201581139
rs76358398,chr2,201601512
rs115642501,chr2,201631318
rs116800172,chr2,201619952
rs114491753,chr2,201587341
rs73989525,chr2,202502697
rs73989521,chr2,202490812
rs4673203,chr2,202469118
rs73989514,chr2,202466181
rs6414160,chr2,202471243
rs7586531,chr2,202470978
rs5011166,chr2,202468839
rs6759764,chr2,202472725
rs73989519,chr2,202489215
rs12464623,chr2,202473078
rs55731449,chr2,202468421
rs7609511,chr2,202468496
rs7580823,chr2,202464645
rs7560158,chr2,202469533
rs59022479,chr2,202431687
rs79711290,chr2,202438272
rs75609538,chr2,201712263
chr2_202466038,chr2,202466038
rs13408294,chr2,202171573
rs7588795,chr2,202220618
rs76368892,chr2,201764069
rs76310600,chr2,202013135
rs77148801,chr2,201596743
rs10804120,chr2,202523607
rs17467986,chr2,201888436
rs76392095,chr2,201765780
rs182526389,chr2,201911607
rs145050516,chr2,202017598
chr2_201860124,chr2,201860124
rs17468765,chr2,202520720
rs72937157,chr2,202269403
rs72939119,chr2,202352480
rs79925773,chr2,201815510
rs113036706,chr2,202437531
rs79064785,chr2,202323425
rs79411336,chr2,201833819
rs140862717,chr2,201971294
rs41514947,chr2,201937387
rs114700758,chr2,201957190
chr2_202012773,chr2,202012773
rs58593069,chr2,202484816
rs10203498,chr2,201595902
rs6729962,chr2,201597760
rs75845449,chr2,201595343
rs11689284,chr2,201913265
rs79410323,chr2,202257237
rs11898629,chr2,202244458
rs2241134,chr2,202507277
rs12473209,chr2,202279933
rs80116903,chr2,202376495
rs115419401,chr2,202217171
rs12465322,chr2,201972313
rs115030986,chr2,201612098
rs76358208,chr2,201614797
rs2540050,chr2,201575564
rs79579604,chr2,201613658
rs78244989,chr2,201675851
rs115110433,chr2,201672670
rs111820676,chr2,202162575
rs3817579,chr2,202215819
rs2540426,chr2,202551503
rs184666445,chr2,202265437
rs145888936,chr2,201634232
rs184678507,chr2,202362644
rs192601304,chr2,201606717
rs190843714,chr2,202551775
rs147407052,chr2,202366760
rs144037630,chr2,202056504
rs192384941,chr2,202132099
rs191321805,chr2,201936246
rs191995978,chr2,201709712
rs187507316,chr2,201804553
rs192605626,chr2,202274836
rs184628719,chr2,201973343
rs191625102,chr2,202445119
rs147232311,chr2,201888940
chr2_202511195,chr2,202511195
rs145266381,chr2,201575598
rs190804887,chr2,201937048
rs147660048,chr2,202525260
rs188045445,chr2,202527844
rs188677303,chr2,201595498
rs146966488,chr2,201972719
rs192977037,chr2,202557756
rs189229996,chr2,202558807
rs184027466,chr2,201634411
rs183567805,chr2,202154683
rs181147652,chr2,201592831
rs183025222,chr2,202447225
rs192484480,chr2,201838683
rs182279676,chr2,202042389
rs181954626,chr2,201657272
rs113164702,chr2,202136989
rs115582396,chr2,202539830
rs115351219,chr2,201973061
rs189369197,chr2,201756349
rs192545398,chr2,202510165
rs111462179,chr2,202153376
rs1208071,chr2,202559800
rs6727377,chr2,202539295
rs13009805,chr2,202469944
rs77201664,chr2,202217395
rs144747763,chr2,201843970
rs16835768,chr2,201789455
rs181286373,chr2,201744457
rs72937179,chr2,202303311
rs190499888,chr2,202297983
rs72931062,chr2,202024953
rs35662628,chr2,202402265
rs79939594,chr2,201575481
rs184107674,chr2,202028490
rs56248252,chr2,201580573
rs12464176,chr2,201588745
rs41271457,chr2,202009983
rs189986812,chr2,201657858
rs182514229,chr2,202070893
rs74383937,chr2,201760162
rs78697231,chr2,202503451
rs73988750,chr2,202225422
rs145731857,chr2,201806036
rs77268291,chr2,201886002
rs73988742,chr2,202216985
rs12612147,chr2,202219319
rs12612950,chr2,202219795
rs76370124,chr2,202220081
rs144329792,chr2,201735378
rs41271463,chr2,202254521
rs73988779,chr2,202275694
rs58718834,chr2,202284904
rs143786942,chr2,202552291
rs33914895,chr2,202025375
rs57595196,chr2,202262426
rs73988768,chr2,202269790
rs73991614,chr2,202366761
rs73988785,chr2,202287248
rs56404923,chr2,202246546
rs73988782,chr2,202282300
rs6760006,chr2,202276152
rs56044241,chr2,202300242
rs56722659,chr2,202299235
rs73988783,chr2,202284611
rs73988764,chr2,202255874
rs11895218,chr2,202271738
rs6759993,chr2,202276129
rs11902980,chr2,202277321
rs10182816,chr2,202523056
rs114735833,chr2,202511460
rs78490436,chr2,202522077
rs142428088,chr2,202300378
rs116101156,chr2,201609827
rs11894207,chr2,202512435
rs148409792,chr2,202510354
rs56774773,chr2,202509657
rs12989211,chr2,202467120
rs79734588,chr2,202511741
rs2241133,chr2,202507353
rs7597785,chr2,202298583
rs143543299,chr2,202275309
rs10194353,chr2,202514201
rs116695954,chr2,201970583
rs11893944,chr2,201645836
rs74879075,chr2,202464080
rs10184654,chr2,202511579
rs72613728,chr2,202512016
rs148234352,chr2,202303402
rs72931055,chr2,202020862
rs2540456,chr2,202022015
rs77645523,chr2,202249444
rs11690866,chr2,202450924
rs1045487,chr2,202149696
rs79959919,chr2,201995639
rs17860418,chr2,202122715
rs115635831,chr2,201743594
rs1045494,chr2,202151781
rs3754935,chr2,202119272
rs9807938,chr2,202135840
rs13402616,chr2,202119767
rs3817578,chr2,202136595
rs72931016,chr2,201983057
rs16836789,chr2,202047833
rs3769824,chr2,202122956
rs4381764,chr2,202126863
rs719126,chr2,202017830
rs10497854,chr2,201854175
rs17533364,chr2,201764967
rs11900753,chr2,202044716
rs16836813,chr2,202052754
rs62191464,chr2,201863300
rs13391950,chr2,202061050
rs62191502,chr2,202091966
rs62191537,chr2,202154905
rs17860401,chr2,202068433
rs16836872,chr2,202074871
rs17672977,chr2,202073232
rs13396523,chr2,202077913
rs114623706,chr2,201570419
rs6743518,chr2,202096271
rs2293554,chr2,202131587
rs17860394,chr2,202036771
rs11899004,chr2,202114026
rs13398626,chr2,202133374
rs16836997,chr2,202127763
rs77404113,chr2,201640489
rs7568770,chr2,202126708
rs7570325,chr2,202114834
chr2_202045192,chr2,202045192
chr2_202244818,chr2,202244818
chr2_202321308,chr2,202321308
chr2_202041241,chr2,202041241
chr2_202048853,chr2,202048853
chr2_201750652,chr2,201750652
rs143583143,chr2,201646569
rs186031852,chr2,202153667
rs149436992,chr2,202396246
rs146476368,chr2,201635717
rs190477428,chr2,202262447
rs189436612,chr2,201761827
rs185256701,chr2,202146122
chr2_202254630,chr2,202254630
rs142482722,chr2,202142807
rs185966288,chr2,201600884
rs185681582,chr2,201697393
rs148356320,chr2,202289127
rs184537895,chr2,202121012
rs185038847,chr2,202506712
rs181402825,chr2,202438012
rs139622085,chr2,201755442
rs183020403,chr2,202441576
rs182184957,chr2,201996950
rs188364359,chr2,202447640
rs142437633,chr2,201632960
rs185287103,chr2,201839955
rs145099082,chr2,202476663
rs138389317,chr2,202318036
rs191000632,chr2,201909694
rs181188912,chr2,202396594
rs140393996,chr2,202503366
rs146649181,chr2,201626314
rs45609832,chr2,201683135
rs138239141,chr2,201629960
rs188652838,chr2,202396586
rs149077413,chr2,202114765
rs140682631,chr2,202357086
rs150147593,chr2,202226713
rs190232578,chr2,201680663
rs36017352,chr2,202119539
rs144608966,chr2,201879927
rs187347325,chr2,201575708
rs147806526,chr2,202287259
rs78835753,chr2,202172132
rs190690801,chr2,201613491
rs150624957,chr2,202053443
rs74817113,chr2,202013066
rs149301609,chr2,201919883
rs150677367,chr2,202283393
rs138625304,chr2,202144442
rs138547756,chr2,201879956
rs16836003,chr2,201800921
rs190934155,chr2,201996569
rs182054365,chr2,201886476
rs115026960,chr2,202505214
rs113185307,chr2,202272043
rs143937873,chr2,201991937
rs72927087,chr2,201713464
rs72929068,chr2,201886936
rs16836061,chr2,201804562
rs148994028,chr2,202546081
rs16835997,chr2,201800686
rs16835746,chr2,201787453
rs72929038,chr2,201839894
rs17467748,chr2,201782763
rs72932895,chr2,202144932
rs114484975,chr2,201722832
rs17383298,chr2,201819228
rs76655038,chr2,201943154
rs149336947,chr2,202003665
rs111978201,chr2,201950540
rs17383256,chr2,201794885
rs75208666,chr2,201980843
rs58911199,chr2,201924358
rs35033414,chr2,202119595
rs114984720,chr2,201995860
rs76260028,chr2,201954611
rs114008573,chr2,201890604
rs115413576,chr2,201964490
rs75196967,chr2,201971887
rs138875581,chr2,201971529
rs17383382,chr2,201854025
rs139722324,chr2,201974896
rs114710676,chr2,201937599
rs142340339,chr2,201928037
rs17383151,chr2,201739884
rs75140790,chr2,201919375
rs76377168,chr2,201924933
rs145216595,chr2,201927927
rs16836607,chr2,201933121
rs116500747,chr2,201919002
rs58669897,chr2,201924449
rs78519396,chr2,201931610
rs116309768,chr2,201911085
rs146820497,chr2,201863860
rs17467658,chr2,201726390
rs116699946,chr2,201924488
chr2_201880105,chr2,201880105
rs143395146,chr2,202119454
rs116186593,chr2,201911475
rs149297763,chr2,202019882
rs17467902,chr2,201846083
rs74482315,chr2,201978027
rs114567273,chr2,201870021
rs116198267,chr2,201935861
rs79751905,chr2,201723140
rs114962751,chr2,201935871
rs115928143,chr2,201916833
rs148366365,chr2,202119455
rs17383533,chr2,201964642
chr2_201840567,chr2,201840567
rs145748840,chr2,201922345
rs114176379,chr2,201969453
rs41271455,chr2,201724391
rs144999911,chr2,201850107
rs16836551,chr2,201876052
rs17467916,chr2,201858087
rs114699270,chr2,201908835
rs11895568,chr2,201847877
rs116509920,chr2,201958437
rs17860411,chr2,202096254
rs116089517,chr2,201910772
rs11896935,chr2,201941977
rs56911059,chr2,201857829
rs11887751,chr2,201943431
rs35813708,chr2,202130167
rs114687445,chr2,201773257
rs115144903,chr2,201958283
rs147647393,chr2,201871575
rs16836506,chr2,201862428
rs116230086,chr2,201958962
rs11892279,chr2,201879455
rs116782073,chr2,201994992
rs74596795,chr2,201923635
rs16836588,chr2,201886358
rs113072211,chr2,201938297
rs138504123,chr2,201895262
rs150173964,chr2,201919563
rs72931013,chr2,201979525
rs115856102,chr2,201688940
rs140818559,chr2,201936101
rs9288320,chr2,202291496
rs75689388,chr2,202356749
rs10207914,chr2,202305518
rs16837201,chr2,202217000
rs72941032,chr2,202445609
rs13383912,chr2,202379562
rs28502626,chr2,202374665
rs7564610,chr2,202378963
rs72939123,chr2,202360599
rs13401135,chr2,202299557
rs2110748,chr2,202345476
rs12478395,chr2,201727773
rs112484377,chr2,202127822
rs10084426,chr2,202127648
rs6712381,chr2,202113552
rs13401994,chr2,202134144
rs1861268,chr2,202126978
rs1861269,chr2,202126938
rs10084352,chr2,202127717
rs6435073,chr2,202123776
rs72927078,chr2,201696461
rs143239658,chr2,201809671
rs917982,chr2,202273108
rs62189332,chr2,201740733
rs61736262,chr2,201642805
rs16837034,chr2,202135181
rs17860389,chr2,202013826
rs16836965,chr2,202117510
rs10497855,chr2,201766236
rs72929054,chr2,201869819
rs16836015,chr2,201801662
rs72931023,chr2,201993551
rs72931005,chr2,201965379
rs72929034,chr2,201833845
rs72929033,chr2,201833620
rs72931066,chr2,202028491
rs74764677,chr2,202011804
rs56355636,chr2,201992000
rs72929087,chr2,201930244
rs72929082,chr2,201923021
rs72929062,chr2,201878387
rs17467944,chr2,201878552
rs72931053,chr2,202019768
rs72931059,chr2,202021754
rs3820971,chr2,202125738
rs34888224,chr2,202133515
rs75410641,chr2,201986058
rs55931932,chr2,201761136
chr2_201765921,chr2,201765921
rs72929091,chr2,201944909
rs2307359,chr2,201806005
rs16835784,chr2,201790439
rs72929075,chr2,201911710
rs55743505,chr2,201940756
rs17860432,chr2,202151728
rs16835942,chr2,201799870
rs16837027,chr2,202129914
rs17383403,chr2,201874973
rs72929040,chr2,201843530
rs72929060,chr2,201878246
rs72931038,chr2,202007126
rs72931019,chr2,201985410
rs72929101,chr2,201958523
rs13424920,chr2,202142039
rs17383554,chr2,201972471
rs72929086,chr2,201929632
rs16836969,chr2,202118265
chr2_202020666,chr2,202020666
rs72932863,chr2,202117909
rs62191540,chr2,202162657
rs13422553,chr2,202145359
rs10166093,chr2,202065661
rs41401945,chr2,202075492
rs10190756,chr2,202066307
rs72932817,chr2,202069878
rs41351447,chr2,202050153
rs58659663,chr2,202162406
rs41331447,chr2,202083984
rs13390902,chr2,202100958
rs72931097,chr2,202044159
rs41332047,chr2,202046945
rs17860398,chr2,202048219
rs13425163,chr2,202091038
rs41430047,chr2,202078998
rs3851976,chr2,202087269
rs3851975,chr2,202086400
chr2_202276789,chr2,202276789
rs17860400,chr2,202052617
rs55900063,chr2,202042451
rs72931083,chr2,202039524
rs72931086,chr2,202042386
rs13429625,chr2,202089561
rs17468215,chr2,202049642
chr2_202007030,chr2,202007030
rs113414329,chr2,202042411
rs17860409,chr2,202083279
rs16835430,chr2,201753941
rs3754934,chr2,202132107
rs12618279,chr2,202127383
rs41519249,chr2,202064766
rs7578261,chr2,202138095
rs6736233,chr2,202118974
rs7578639,chr2,202138458
rs55637196,chr2,202118936
rs72927048,chr2,201673087
rs16834375,chr2,201623713
rs13032238,chr2,202554228
rs10804121,chr2,202559223
rs2714482,chr2,202357949
rs2714485,chr2,202256955
rs7600968,chr2,201608743
rs2540336,chr2,202278360
rs4234025,chr2,201662405
rs6725443,chr2,202557702
rs2540425,chr2,202557904
rs2023501,chr2,202334003
rs2058664,chr2,202484259
rs6435065,chr2,201669191
rs2041743,chr2,202253450
rs2676326,chr2,202556631
rs1111468,chr2,201965119
rs1914270,chr2,202436255
rs4672920,chr2,201608834
rs1208073,chr2,202546113
rs2540329,chr2,202250596
rs2348316,chr2,201696499
rs2597904,chr2,202550159
rs725324,chr2,202535196
rs2256584,chr2,202260049
rs1912331,chr2,201783007
rs7595493,chr2,202468388
rs2540338,chr2,202279895
rs1914268,chr2,202468615
rs7591222,chr2,201865192
rs2110689,chr2,202259850
rs7572583,chr2,202469472
rs1208084,chr2,202532395
rs10931957,chr2,202426659
rs1420146,chr2,202267172
rs2540332,chr2,202255775
rs79733007,chr2,202097327
rs10188598,chr2,202077613
rs2349075,chr2,202223566
rs12472273,chr2,202211695
rs1406122,chr2,202211443
rs10202963,chr2,202241907
rs6705845,chr2,202219039
rs6710974,chr2,202213382
rs11693950,chr2,201627550
rs6720418,chr2,201641373
rs11683632,chr2,201640575
rs11674071,chr2,201633894
rs2110684,chr2,202221921
rs7577057,chr2,202207993
rs6726823,chr2,202216916
rs11681616,chr2,202224736
rs10202088,chr2,201638151
rs10207746,chr2,201916418
rs10205561,chr2,201809704
rs3900738,chr2,201863803
rs4381763,chr2,201776988
rs874358,chr2,201829602
rs16836568,chr2,201879948
rs16836104,chr2,201805661
rs3901120,chr2,201863530
rs7588993,chr2,201763866
rs7917,chr2,201768238
rs11894842,chr2,201773545
rs2307358,chr2,201785657
rs7597440,chr2,201842010
rs2307362,chr2,201785837
rs13384791,chr2,201911164
rs10197103,chr2,201885293
rs13384245,chr2,201760937
rs13405753,chr2,201881677
rs6737556,chr2,201924078
rs9288314,chr2,201794173
rs11892372,chr2,201819483
rs16842071,chr2,201931730
rs12997501,chr2,202225425
rs7559150,chr2,201754063
rs2136600,chr2,201742345
rs10931963,chr2,202463977
rs7584595,chr2,201592651
rs59344722,chr2,202422814
rs12986682,chr2,202506624
rs6744566,chr2,202560753
rs7590550,chr2,202558415
rs12618702,chr2,202560620
rs1468794,chr2,202559855
rs4142282,chr2,201580817
rs10200697,chr2,201595517
rs6731583,chr2,202560854
rs72613730,chr2,202561110
rs59857264,chr2,201568525
rs10931969,chr2,202558687
chr2_201566446,chr2,201566446
chr2_201569072,chr2,201569072
rs1208069,chr2,202560998
rs720218,chr2,202560278
rs10190770,chr2,202543051
rs3219174,chr2,202565681
rs1914258,chr2,202545984
rs62193401,chr2,202546557
rs16838004,chr2,202547528
rs114491141,chr2,202382539
rs73988784,chr2,202286109
chr2_202548437,chr2,202548437
rs2540427,chr2,202550266
rs77292590,chr2,202278771
rs11903236,chr2,201724114
rs16836399,chr2,201829800
rs55857107,chr2,201712938
rs112612256,chr2,201834976
rs72927051,chr2,201674289
rs17467700,chr2,201745667
rs78521658,chr2,202462032
rs41419046,chr2,202072973
rs12721503,chr2,202027942
rs191733337,chr2,202395604
rs183657043,chr2,201685635
rs145990787,chr2,202541865
rs181558928,chr2,201758232
rs141647138,chr2,202266851
rs141441656,chr2,202375996
rs140681200,chr2,201583057
rs143327956,chr2,202163482
rs16835755,chr2,201787471
rs147564109,chr2,201613790
rs147279970,chr2,201833578
rs184445810,chr2,202518176
rs149770052,chr2,202558912
rs146161892,chr2,202484412
rs141632366,chr2,202259407
rs76988267,chr2,202044819
rs141566777,chr2,201615289
rs145385490,chr2,202533784
rs146806111,chr2,202024633
rs140226078,chr2,202044925
rs77677493,chr2,201590306
rs11900960,chr2,201869491
rs116204055,chr2,201590596
rs78724754,chr2,202361738
rs114116357,chr2,202470058
rs76661162,chr2,202363838
rs78404560,chr2,202251534
rs77588275,chr2,202024921
rs16835570,chr2,201777000
rs116002494,chr2,202317060
rs113679725,chr2,201867629
rs16835334,chr2,201716553
rs72929010,chr2,201747351
rs17467707,chr2,201747681
rs116291595,chr2,202496489
rs72929005,chr2,201736668
rs7603014,chr2,202119818
chr2_201727660,chr2,201727660
rs1001250,chr2,201624818
rs12622452,chr2,201638647
rs2540450,chr2,202491995
rs1208082,chr2,202497586
rs7590522,chr2,201924788
rs2307357,chr2,201824092
rs10183261,chr2,201797676
rs10167387,chr2,201808618
rs10197833,chr2,201904466
rs10185727,chr2,201803711
rs13417843,chr2,201913429
rs2110728,chr2,201965678
rs16836477,chr2,201853457
rs10204787,chr2,201762147
rs6716122,chr2,201786474
rs67917463,chr2,201946315
rs6435066,chr2,201766023
rs68133847,chr2,201812251
rs10194347,chr2,201942480
chr2_202244029,chr2,202244029
rs73991650,chr2,202429193
rs2080328,chr2,202433703
rs190484470,chr2,201926992
rs17383109,chr2,201722827
rs17467483,chr2,201647444
rs114731986,chr2,202524957
chr2_201934461,chr2,201934461
chr2_202414635,chr2,202414635
chr2_201732298,chr2,201732298
rs148571033,chr2,202400884
rs182360016,chr2,201881666
rs11691017,chr2,201721807
rs146660913,chr2,201942151
chr2_201898885,chr2,201898885
rs3963301,chr2,201809869
rs72929009,chr2,201745160
rs41271451,chr2,201721782
rs7224,chr2,201717910
rs2881928,chr2,201982544
rs10205971,chr2,201958201
rs7558911,chr2,202023949
rs11685853,chr2,201682395
rs67295711,chr2,201908537
rs6754666,chr2,202435352
rs13412214,chr2,201774182
rs2518142,chr2,202025131
rs1208070,chr2,202559964
rs1468792,chr2,202560099
rs2348117,chr2,201598521
rs2715899,chr2,201600111
rs2715893,chr2,201574835
rs17469010,chr2,202555755
rs57978791,chr2,202548604
rs181113868,chr2,201627440
rs73053643,chr2,202554073
rs73053640,chr2,202553652
rs2715902,chr2,201575480
rs2715891,chr2,201569648
rs116744087,chr2,202522407
rs78680879,chr2,201649113
rs79127072,chr2,202015879
rs77399758,chr2,202017677
rs75059595,chr2,201599814
rs77439499,chr2,201709461
rs76779213,chr2,202002484
rs116157119,chr2,202094057
chr2_201776336,chr2,201776336
rs6748934,chr2,201607968
rs2540052,chr2,201568999
rs72927093,chr2,201719916
rs3731720,chr2,201692219
rs2270282,chr2,201676441
rs10931929,chr2,201847886
rs10183613,chr2,202540662
rs11888171,chr2,201843257
rs888012,chr2,202561571
rs759383,chr2,202562026
rs7602825,chr2,202523547
rs56116031,chr2,202524879
rs11904425,chr2,201645798
rs7572113,chr2,201571624
rs115699540,chr2,202028017
rs115897576,chr2,202022288
rs77225221,chr2,202319770
rs6719992,chr2,201871978
rs3888610,chr2,201732117
rs3754937,chr2,201675353
rs1208081,chr2,202501448
rs56321285,chr2,202505545
rs1468793,chr2,202560012
rs11677237,chr2,202562449
rs6435095,chr2,202560165
rs6435094,chr2,202559988
rs720220,chr2,202560351
rs3820972,chr2,202111020
rs75895173,chr2,202543807
rs17384293,chr2,202529479
rs17468821,chr2,202529514
rs2253612,chr2,201568433
rs11300,chr2,202565570
rs7563911,chr2,201576284
rs2540053,chr2,201567968
rs74887827,chr2,201570137
rs77249938,chr2,202112138
chr2_201629383,chr2,201629383
chr2_202267801,chr2,202267801
rs114959391,chr2,202073158
rs115599865,chr2,202331309
rs78295361,chr2,201725261
rs17382850,chr2,201636327
rs6709748,chr2,201678985
rs10931924,chr2,201672370
rs67428851,chr2,202530680
rs1012165,chr2,202510930
rs149543865,chr2,202053848
rs114272559,chr2,201841408
rs187316762,chr2,201874011
rs73057062,chr2,201623762
rs77794577,chr2,201638572
rs12470287,chr2,202505715
rs76809329,chr2,202553245
rs2348114,chr2,201582193
rs16837990,chr2,202545374
rs10439330,chr2,202553243
rs720219,chr2,202560337
rs7563722,chr2,201576135
rs12052740,chr2,202526353
rs13022987,chr2,202535033
rs16837959,chr2,202531624
rs78517969,chr2,201568742
rs11691821,chr2,201567922
chr2_201626458,chr2,201626458
rs79838970,chr2,201620578
rs76130409,chr2,201602125
rs79511585,chr2,201995475
rs112993442,chr2,201566159
rs72927013,chr2,201638152
rs77496058,chr2,201633599
rs17382808,chr2,201629174
rs17382927,chr2,201642878
rs10515942,chr2,201643519
rs77342565,chr2,201628804
rs62623595,chr2,201637798
chr2_201622972,chr2,201622972
rs41422845,chr2,201629551
rs76205000,chr2,201630216
rs10515941,chr2,201643484
rs4672951,chr2,201664399
rs13405189,chr2,201721134
rs1208083,chr2,202532447
rs115426543,chr2,202027302
rs13030504,chr2,201670278
rs13028496,chr2,201645349
rs12621886,chr2,202551695
rs6731576,chr2,202540420
rs58941905,chr2,201631443
rs12693924,chr2,201709429
rs4675216,chr2,202540869
rs11890273,chr2,202521824
rs17382719,chr2,201589778
rs138257745,chr2,201674938
rs12477038,chr2,201692776
rs17860433,chr2,202151746
rs75193523,chr2,201883690
rs7582287,chr2,201603720
rs2540428,chr2,202542614
rs7589014,chr2,201580954
rs4674400,chr2,201627814
rs16834207,chr2,201587615
rs79735035,chr2,201590598
rs2540051,chr2,201571143
rs4674520,chr2,201713454
rs6755945,chr2,201672859
rs2715892,chr2,201572564
rs2348124,chr2,201616145
rs2348122,chr2,201613891
rs2348123,chr2,201615806
rs16834352,chr2,201615316
rs72922832,chr2,201581384
rs2881835,chr2,201630190
rs72927008,chr2,201619599
rs115478682,chr2,202024401
chr2_202211458,chr2,202211458
rs147049102,chr2,202256688
rs140026267,chr2,201616874
rs72927059,chr2,201678831
rs72927052,chr2,201674818
rs12693945,chr2,202534106
rs2041757,chr2,202524626
rs3815501,chr2,201686122
rs72927026,chr2,201644772
rs72927023,chr2,201644768
rs72927061,chr2,201682212
rs1986994,chr2,202425206
rs951185,chr2,201604623
rs951183,chr2,201604436
rs11684485,chr2,201606722
rs10931916,chr2,201607187
rs2348119,chr2,201610167
rs10931917,chr2,201608368
rs56004049,chr2,201607572
rs2881834,chr2,201605250
rs10165231,chr2,201603933
rs10171996,chr2,201605890
rs951184,chr2,201604640
rs10171534,chr2,201605629
rs12693923,chr2,201604441
rs10165359,chr2,201604037
rs10169230,chr2,201605500
rs10168978,chr2,201605459
rs11677204,chr2,201606057
rs67931218,chr2,201607703
rs13025464,chr2,201610645
rs10931918,chr2,201609120
rs2348118,chr2,201605195
rs10931943,chr2,202242961
rs6707459,chr2,201578479
rs7584026,chr2,202525551
rs6709766,chr2,201657869
rs10931923,chr2,201659168
rs12105229,chr2,201607421
rs58699528,chr2,201978599
rs72929066,chr2,201884260
rs76313353,chr2,202112133
rs79469548,chr2,202162793
rs73057059,chr2,201622500
rs74334536,chr2,202361910
rs79224392,chr2,202154750
rs887995,chr2,202255239
rs56098207,chr2,202497155
rs3752657,chr2,201656457
rs10804108,chr2,201697240
rs7586299,chr2,201699860
rs72929098,chr2,201956540
rs72929030,chr2,201812154
rs6738605,chr2,201600442
chr2_201601905,chr2,201601905
rs28568991,chr2,201598860
rs2287050,chr2,202555132
rs28367378,chr2,201598863
rs72922790,chr2,202544452
rs10804105,chr2,201598754
rs13402805,chr2,202547964
rs62193402,chr2,202550083
rs2270280,chr2,201677791
rs10931921,chr2,201648193
rs7609464,chr2,201652946
rs11674530,chr2,201650074
rs12465041,chr2,201660050
rs13022238,chr2,201661638
rs12996354,chr2,201659862
rs2270281,chr2,201677454
rs12475785,chr2,201679931
rs2881880,chr2,201683695
rs6728680,chr2,201697722
rs41359253,chr2,202066124
rs116872101,chr2,201816777
rs41372848,chr2,202087263
rs35342474,chr2,202136014
rs7573536,chr2,202334399
rs60148247,chr2,202378493
rs13420006,chr2,202541707
chr2_201651972,chr2,201651972
rs10931946,chr2,202290117
rs12994624,chr2,201664985
rs77864334,chr2,201953481
rs72929020,chr2,201793176
rs13028326,chr2,201710305
rs11686992,chr2,201599708
rs9989887,chr2,201601871
rs10931948,chr2,202323922
rs10497868,chr2,202304040
chr2_202259903,chr2,202259903
rs10172238,chr2,201606140
rs9989845,chr2,201600003
rs13017660,chr2,201601452
rs10931915,chr2,201601639
rs9989889,chr2,201602061
rs6751543,chr2,202264933
rs11680694,chr2,202258221
rs2241118,chr2,202253716
rs10931949,chr2,202324453
rs3815515,chr2,202257930
rs13031753,chr2,202340747
rs10931968,chr2,202542876
rs4674449,chr2,201664304
rs13008898,chr2,202554092
rs10931922,chr2,201649795
rs13030323,chr2,201653966
rs55961124,chr2,201569077
rs12613347,chr2,202055312
rs17383714,chr2,202153789
rs35620793,chr2,202252478
rs6739821,chr2,201645848
rs10179569,chr2,201713698
rs7582946,chr2,202288692
rs2080323,chr2,202378849
rs1558637,chr2,202263374
rs2287054,chr2,202319038
rs2249868,chr2,202277226
rs10931944,chr2,202263598
rs13022344,chr2,202264156
rs6732993,chr2,202264316
rs4129010,chr2,202308325
rs12623282,chr2,202247457
rs2908763,chr2,202368583
rs11681526,chr2,202263760
rs34625194,chr2,202271538
chr2_202263812,chr2,202263812
rs11690546,chr2,202274758
rs2110746,chr2,202362150
rs6729982,chr2,202281136
rs11681592,chr2,202263901
rs10931945,chr2,202271124
rs1541571,chr2,202413324
rs114223445,chr2,202468632
rs12991600,chr2,202337236
rs6755428,chr2,202295766
rs10460403,chr2,202342737
rs12473387,chr2,202280501
rs2243791,chr2,202342802
rs6722889,chr2,202304082
rs2540438,chr2,202350556
rs2714480,chr2,202351009
rs10186894,chr2,202305632
rs4507084,chr2,202285100
rs2540331,chr2,202252873
rs2540330,chr2,202252856
chr2_202276096,chr2,202276096
rs2540449,chr2,202315759
rs59674665,chr2,202379604
rs2714488,chr2,202269773
rs10804115,chr2,202280233
rs11691118,chr2,202269844
rs7579853,chr2,202248979
rs7575721,chr2,202256778
rs4129011,chr2,202308586
rs7603584,chr2,202305145
rs11691865,chr2,202272032
rs11691859,chr2,202271991
chr2_202262684,chr2,202262684
rs13027669,chr2,202247319
chr2_202254288,chr2,202254288
rs6761777,chr2,202264602
rs12613052,chr2,201590091
rs7579617,chr2,202248788
rs2714493,chr2,202346327
rs11896227,chr2,201577287
rs2540436,chr2,202352867
rs10497867,chr2,202284867
rs13029007,chr2,202264877
rs10427215,chr2,202302849
rs3731709,chr2,202246034
rs7573641,chr2,202383000
rs10804107,chr2,201607030
rs10804106,chr2,201606967
rs4581881,chr2,201616355
rs2348121,chr2,201610584
rs17467532,chr2,201659576
rs7603058,chr2,201597463
rs77028341,chr2,202142991
rs10196072,chr2,202399690
rs2270315,chr2,202317265
rs2714487,chr2,202249560
rs2080324,chr2,202378812
rs2080320,chr2,202379173
rs7561048,chr2,202253039
rs13001194,chr2,202261175
rs7593403,chr2,202523677
chr2_202246495,chr2,202246495
chr2_202370343,chr2,202370343
rs116374530,chr2,202502195
rs17468646,chr2,202399886
rs78287440,chr2,202341330
chr2_202516685,chr2,202516685
rs3731719,chr2,201692449
rs11694706,chr2,202383316
rs2080322,chr2,202379040
rs2540339,chr2,202280448
rs2244438,chr2,202252539
rs10804114,chr2,202266862
chr2_202247228,chr2,202247228
rs2714481,chr2,202352649
rs1208065,chr2,202516849
rs1914260,chr2,202382774
rs72922851,chr2,201598390
rs16836058,chr2,201804319
rs75850762,chr2,202319227
rs17384175,chr2,202462206
rs17384203,chr2,202489109
rs10490085,chr2,202464125
rs17468618,chr2,202397636
rs17467616,chr2,201690994
rs12470639,chr2,202523681
rs2540340,chr2,202281200
rs2540432,chr2,202364894
chr2_202528830,chr2,202528830
rs965675,chr2,202352733
chr2_202451471,chr2,202451471
rs1914263,chr2,202400327
rs1914264,chr2,202400236
rs1914271,chr2,202402804
rs10170539,chr2,202396076
chr2_202399504,chr2,202399504
rs72939190,chr2,202418288
rs10804116,chr2,202382936
rs2540328,chr2,202249060
rs2540430,chr2,202368514
rs10931967,chr2,202527467
rs888011,chr2,202521426
rs10181489,chr2,201635535
rs2881836,chr2,201643582
rs11695319,chr2,201627921
rs10185328,chr2,201632988
rs12693942,chr2,202437990
rs2348115,chr2,201597253
rs10203989,chr2,202398992
rs2348116,chr2,201597724
rs4416197,chr2,201596926
rs11694829,chr2,202383408
rs2349422,chr2,202397212
rs2882161,chr2,202397048
rs11683834,chr2,202396786
rs10192732,chr2,202398699
rs4675149,chr2,202398471
rs984931,chr2,202398132
rs1914259,chr2,202382892
rs4396694,chr2,201597027
rs10931953,chr2,202402532
rs41373151,chr2,202086665
rs62189254,chr2,202314833
rs77278842,chr2,201637324
rs2349426,chr2,202431003
rs17384314,chr2,202531136
chr2_202379921,chr2,202379921
rs1962630,chr2,202518762
rs4675218,chr2,202545230
rs6742558,chr2,202432375
chr2_202429156,chr2,202429156
rs13425990,chr2,202447009
rs12611502,chr2,202410055
rs2349427,chr2,202432374
chr2_201634906,chr2,201634906
rs76264415,chr2,202272914
rs9646756,chr2,202540338
rs6711866,chr2,202539092
rs4673204,chr2,202518374
rs7340351,chr2,202471416
rs4673200,chr2,202430011
chr2_202429744,chr2,202429744
chr2_202402250,chr2,202402250
rs4673180,chr2,202398487
rs16824534,chr2,201631786
chr2_202360850,chr2,202360850
rs1914256,chr2,202395060
rs16834195,chr2,201587398
rs111321288,chr2,201697204
rs7590107,chr2,202471911
rs7557301,chr2,202437363
rs4675201,chr2,202441796
rs6713730,chr2,202409465
rs6712136,chr2,202435145
rs10205247,chr2,202468136
rs4675219,chr2,202545243
rs2882163,chr2,202432516
rs10172753,chr2,202439302
rs12464714,chr2,202420289
rs17468989,chr2,202552837
chr2_202415318,chr2,202415318
rs11679030,chr2,201654617
rs10804117,chr2,202410300
rs10931956,chr2,202410395
rs10931958,chr2,202434393
chr2_201627271,chr2,201627271
chr2_201633562,chr2,201633562
rs62193397,chr2,202526366
rs55971100,chr2,202501205
rs55902839,chr2,202505989
rs6747200,chr2,202418976
rs10931954,chr2,202410079
rs963555,chr2,202414555
rs55734730,chr2,202419600
rs888013,chr2,202431881
chr2_202419574,chr2,202419574
rs6760687,chr2,202418988
rs7567196,chr2,202415228
rs10931959,chr2,202434453
rs12996634,chr2,202429071
rs888014,chr2,202432169
rs10931955,chr2,202410147
rs56162425,chr2,202499683
rs73989516,chr2,202468941
rs2676325,chr2,202503225
rs4675176,chr2,202420545
rs12468891,chr2,202422250
rs4675195,chr2,202428465
rs10804118,chr2,202410510
rs4675217,chr2,202543510
rs2540424,chr2,202505740
rs2597905,chr2,202551417
rs2216011,chr2,202410619
rs6718907,chr2,202411773
rs4675170,chr2,202415569
rs2058663,chr2,202436991
rs78681790,chr2,201634730
rs1001249,chr2,201625019
rs76121863,chr2,201631774
rs16834518,chr2,201641979
rs3754932,chr2,202509814
rs4675208,chr2,202513608
rs4675192,chr2,202428320
rs1113730,chr2,202425316
rs950233,chr2,201594185
rs7580858,chr2,201591579
rs4672912,chr2,201588986
rs2597900,chr2,202523347
rs4675206,chr2,202503247
rs13034298,chr2,201591320
rs11692571,chr2,202452199
rs62195672,chr2,202426748
rs1208074,chr2,202544076
rs11888596,chr2,201628314
rs1914267,chr2,202542836
rs6761208,chr2,202411953
rs4675210,chr2,202513735
rs16834464,chr2,201637482
rs6758797,chr2,201620789
rs10432437,chr2,201632576
rs10931919,chr2,201627325
rs16834398,chr2,201629618
rs4516414,chr2,202516907
rs4675211,chr2,202513765
rs4675207,chr2,202513277
rs10169154,chr2,202516775
rs4675212,chr2,202513883
rs4675209,chr2,202513615
rs11686850,chr2,202508499
rs2110738,chr2,202509606
rs2349729,chr2,202521624
rs7583548,chr2,201591727
rs1914269,chr2,202429609
chr2_201717459,chr2,201717459
rs61744314,chr2,201627010
chr2_201625710,chr2,201625710
chr2_201629194,chr2,201629194
rs78073076,chr2,201630219
rs79026301,chr2,201622857
rs75402839,chr2,201630947
rs73991104,chr2,201622165
rs78682276,chr2,201631289
rs79598176,chr2,201635518
rs16834492,chr2,201638450
rs16834435,chr2,201633142
rs16834486,chr2,201638206
rs16834488,chr2,201638251
rs16834467,chr2,201637847
rs74318575,chr2,201634104
rs79185883,chr2,201633094
rs61743436,chr2,201633181
rs16834438,chr2,201633476
rs74883022,chr2,201636641
rs16834458,chr2,201636662
rs74824116,chr2,201634140
rs16834453,chr2,201636444
rs78612610,chr2,201633941
rs16834441,chr2,201635105
rs17467217,chr2,201581757
rs12052644,chr2,201599524
rs73988396,chr2,201590976
rs58530208,chr2,201604129
rs10432436,chr2,201608131
rs74655057,chr2,201606645
rs78264763,chr2,201608601
rs114651654,chr2,201636852
rs16834512,chr2,201641045
rs74930980,chr2,201634687
rs74488434,chr2,201638751
rs73057060,chr2,201622578
rs2714491,chr2,202373160
rs62193398,chr2,202531264
rs112222310,chr2,201618188
rs6755897,chr2,202120520
rs75036900,chr2,202425913
chr2_201769385,chr2,201769385
rs13413479,chr2,202012578
rs12467208,chr2,202462900
rs10931964,chr2,202477126
rs7585993,chr2,202015114
rs10194168,chr2,201942437
rs1071678,chr2,202036292
rs13023732,chr2,202228712
rs4674357,chr2,201587191
rs7604223,chr2,201924732
rs2540442,chr2,202340075
rs16835740,chr2,201786601
rs12474206,chr2,202469361
rs77147740,chr2,201639280
rs74605182,chr2,201637315
chr2_202256966,chr2,202256966
rs7608693,chr2,201603737
chr2_201690013,chr2,201690013
rs2540337,chr2,202279618
chr2_202484003,chr2,202484003
rs114708784,chr2,202112242
rs13019444,chr2,202090616
rs2882230,chr2,202533160
rs113045391,chr2,201721041
rs116830186,chr2,202346409
rs12467234,chr2,202518845
rs73991626,chr2,202415888
rs112516732,chr2,202223431
rs75989191,chr2,202425800
rs888015,chr2,202432316
rs2881930,chr2,202075752
rs3087357,chr2,201828365
rs13383896,chr2,201953336
rs13035714,chr2,202029711
rs4616463,chr2,202101479
rs13410282,chr2,201971024
rs11687854,chr2,202228602
rs2348127,chr2,201624134
rs76442876,chr2,202449102
rs192350435,chr2,202270710
rs57402075,chr2,201693867
rs4674359,chr2,201594329
rs75567357,chr2,201630746
chr2_201714319,chr2,201714319
rs2080325,chr2,202378363
rs2098354,chr2,202384125
rs2714483,chr2,202362955
rs1966423,chr2,202216661
rs9989756,chr2,201600184
rs11688852,chr2,201683986
rs2110688,chr2,202223429
rs10191705,chr2,202442733
rs6435089,chr2,202472271
rs6705053,chr2,201686666
rs2349076,chr2,202228415
rs35520803,chr2,202306704
rs13000030,chr2,201618124
rs7599780,chr2,201684388