rsNumber,chrom,position,group,CFLAR_GU_BR,CFLAR_CA,CASP10_GU_BR,CASP10_CA,CASP8_GU_BR,CASP8_CA
rs12990906,chr2,202114624,risk,0.350727831,0.065564941,0.063104538,0.442875352,0.95783985,0.057011967
rs10931934,chr2,202119789,risk,0.089034837,0.201626254,0.120465608,0.448029629,1.327424859,0.426178365
rs3769823,chr2,202122995,risk,0.017150954,0.269316181,0.03605493,0.311801177,1.943541808,0.378078745
rs3769821,chr2,202123430,risk,0.149752623,0.164176741,0.252514944,0.372189986,1.560322778,0.597032419
rs6735656,chr2,202124502,risk,0.097043921,0.106345605,0.604745517,0.179292517,2.320287795,1.246390226
rs6754084,chr2,202124997,risk,0.097043921,0.106345605,0.604745517,0.179292517,2.320287795,1.246390226
rs1861270,chr2,202126615,risk,0.097043921,0.106345605,0.604745517,0.179292517,2.320287795,1.246390226
rs6751053,chr2,202127863,risk,0.238596522,0.185926016,0.179213126,0.326315679,0.948349777,0.041615114
rs6435074,chr2,202127947,risk,0.097043921,0.106345605,0.604745517,0.179292517,2.320287795,1.246390226
rs6723097,chr2,202128618,risk,0.238596522,0.185926016,0.179213126,0.326315679,0.948349777,0.041615114
rs2349070,chr2,202130308,risk,0.097043921,0.106345605,0.604745517,0.179292517,2.320287795,1.246390226
rs10931936,chr2,202143928,risk,0.037859143,0.118574821,0.188330538,0.24221211,3.190343373,1.365870975
rs3769818,chr2,202151163,risk,0.037859143,0.118574821,0.188330538,0.24221211,3.190343373,1.365870975
rs700635,chr2,202153225,risk,0.037859143,0.118574821,0.188330538,0.24221211,3.190343373,1.365870975
rs6714430,chr2,202153684,risk,0.037859143,0.118574821,0.188330538,0.24221211,3.190343373,1.365870975
rs6743068,chr2,202153920,risk,0.037859143,0.118574821,0.188330538,0.24221211,3.190343373,1.365870975
rs10197246,chr2,202204741,risk,0.03955662,0.118574821,0.277140249,0.24221211,4.044634532,1.365870975
rs1045485,chr2,202149589,protective,0.277120265,2.635875011,0.432567015,3.260741867,0.374191564,0.099905193
rs35550815,chr2,202150914,protective,0.277120265,2.635875011,0.432567015,3.260741867,0.374191564,0.099905193
rs17649845,chr2,202152797,protective,0.277120265,2.635875011,0.432567015,3.260741867,0.374191564,0.099905193
rs17468277,chr2,202154200,protective,0.277120265,2.635875011,0.432567015,3.260741867,0.374191564,0.099905193
rs78285464,chr2,202171402,protective,0.277120265,2.635875011,0.432567015,3.260741867,0.374191564,0.099905193
rs3731711,chr2,202213061,protective,0.200013984,1.902121641,0.610514527,4.044705095,0.020715091,0.179872857
rs77687734,chr2,202221238,protective,0.277120265,2.635875011,0.432567015,3.260741867,0.374191564,0.099905193
rs6705641,chr2,202368441,protective,0.609206863,3.87232175,0.954123245,4.427941588,0.367556138,0.208047332